<annotation>
	<folder>images</folder>
	<filename>Fake (168).jpg</filename>
	<path>C:\Users\Lois Valenzuela\Desktop\Loisy\images\Fake (168).jpg</path>
	<source>
		<database>Unknown</database>
	</source>
	<size>
		<width>600</width>
		<height>600</height>
		<depth>3</depth>
	</size>
	<segmented>0</segmented>
	<object>
		<name>Fake</name>
		<pose>Unspecified</pose>
		<truncated>0</truncated>
		<difficult>0</difficult>
		<bndbox>
			<xmin>114</xmin>
			<ymin>141</ymin>
			<xmax>500</xmax>
			<ymax>533</ymax>
		</bndbox>
	</object>
	<object>
		<name>Fake</name>
		<pose>Unspecified</pose>
		<truncated>0</truncated>
		<difficult>0</difficult>
		<bndbox>
			<xmin>129</xmin>
			<ymin>207</ymin>
			<xmax>495</xmax>
			<ymax>339</ymax>
		</bndbox>
	</object>
</annotation>
