<annotation>
	<folder>images</folder>
	<filename>Fake (10).jpg</filename>
	<path>C:\Users\Russel\Desktop\Loisy\images\Fake (10).jpg</path>
	<source>
		<database>Unknown</database>
	</source>
	<size>
		<width>600</width>
		<height>600</height>
		<depth>3</depth>
	</size>
	<segmented>0</segmented>
	<object>
		<name>Fake</name>
		<pose>Unspecified</pose>
		<truncated>0</truncated>
		<difficult>0</difficult>
		<bndbox>
			<xmin>125</xmin>
			<ymin>200</ymin>
			<xmax>432</xmax>
			<ymax>567</ymax>
		</bndbox>
	</object>
	<object>
		<name>Fake</name>
		<pose>Unspecified</pose>
		<truncated>1</truncated>
		<difficult>0</difficult>
		<bndbox>
			<xmin>110</xmin>
			<ymin>85</ymin>
			<xmax>515</xmax>
			<ymax>600</ymax>
		</bndbox>
	</object>
	<object>
		<name>Fake</name>
		<pose>Unspecified</pose>
		<truncated>0</truncated>
		<difficult>0</difficult>
		<bndbox>
			<xmin>125</xmin>
			<ymin>236</ymin>
			<xmax>442</xmax>
			<ymax>345</ymax>
		</bndbox>
	</object>
</annotation>
