<annotation>
	<folder>images</folder>
	<filename>Fake (78).jpg</filename>
	<path>C:\Users\Russel\Desktop\Loisy\images\Fake (78).jpg</path>
	<source>
		<database>Unknown</database>
	</source>
	<size>
		<width>600</width>
		<height>600</height>
		<depth>3</depth>
	</size>
	<segmented>0</segmented>
	<object>
		<name>Fake</name>
		<pose>Unspecified</pose>
		<truncated>0</truncated>
		<difficult>0</difficult>
		<bndbox>
			<xmin>136</xmin>
			<ymin>194</ymin>
			<xmax>472</xmax>
			<ymax>588</ymax>
		</bndbox>
	</object>
	<object>
		<name>Fake</name>
		<pose>Unspecified</pose>
		<truncated>0</truncated>
		<difficult>0</difficult>
		<bndbox>
			<xmin>155</xmin>
			<ymin>294</ymin>
			<xmax>380</xmax>
			<ymax>532</ymax>
		</bndbox>
	</object>
</annotation>
