<annotation>
	<folder>images</folder>
	<filename>Fake (80).jpg</filename>
	<path>C:\Users\Russel\Desktop\Loisy\images\Fake (80).jpg</path>
	<source>
		<database>Unknown</database>
	</source>
	<size>
		<width>600</width>
		<height>600</height>
		<depth>3</depth>
	</size>
	<segmented>0</segmented>
	<object>
		<name>Fake</name>
		<pose>Unspecified</pose>
		<truncated>0</truncated>
		<difficult>0</difficult>
		<bndbox>
			<xmin>121</xmin>
			<ymin>121</ymin>
			<xmax>463</xmax>
			<ymax>574</ymax>
		</bndbox>
	</object>
	<object>
		<name>Fake</name>
		<pose>Unspecified</pose>
		<truncated>0</truncated>
		<difficult>0</difficult>
		<bndbox>
			<xmin>174</xmin>
			<ymin>354</ymin>
			<xmax>406</xmax>
			<ymax>554</ymax>
		</bndbox>
	</object>
</annotation>
