<annotation>
	<folder>images</folder>
	<filename>Fake (76).jpg</filename>
	<path>C:\Users\Russel\Desktop\Loisy\images\Fake (76).jpg</path>
	<source>
		<database>Unknown</database>
	</source>
	<size>
		<width>600</width>
		<height>600</height>
		<depth>3</depth>
	</size>
	<segmented>0</segmented>
	<object>
		<name>Fake</name>
		<pose>Unspecified</pose>
		<truncated>0</truncated>
		<difficult>0</difficult>
		<bndbox>
			<xmin>86</xmin>
			<ymin>166</ymin>
			<xmax>506</xmax>
			<ymax>575</ymax>
		</bndbox>
	</object>
	<object>
		<name>Fake</name>
		<pose>Unspecified</pose>
		<truncated>0</truncated>
		<difficult>0</difficult>
		<bndbox>
			<xmin>180</xmin>
			<ymin>343</ymin>
			<xmax>424</xmax>
			<ymax>552</ymax>
		</bndbox>
	</object>
</annotation>
