<annotation>
	<folder>images</folder>
	<filename>Fake (8).jpg</filename>
	<path>C:\Users\Russel\Desktop\Loisy\images\Fake (8).jpg</path>
	<source>
		<database>Unknown</database>
	</source>
	<size>
		<width>600</width>
		<height>600</height>
		<depth>3</depth>
	</size>
	<segmented>0</segmented>
	<object>
		<name>Fake</name>
		<pose>Unspecified</pose>
		<truncated>0</truncated>
		<difficult>0</difficult>
		<bndbox>
			<xmin>77</xmin>
			<ymin>94</ymin>
			<xmax>492</xmax>
			<ymax>565</ymax>
		</bndbox>
	</object>
	<object>
		<name>Fake</name>
		<pose>Unspecified</pose>
		<truncated>0</truncated>
		<difficult>0</difficult>
		<bndbox>
			<xmin>116</xmin>
			<ymin>165</ymin>
			<xmax>427</xmax>
			<ymax>436</ymax>
		</bndbox>
	</object>
</annotation>
