<annotation>
	<folder>images</folder>
	<filename>Fake (81).jpg</filename>
	<path>C:\Users\Russel\Desktop\Loisy\images\Fake (81).jpg</path>
	<source>
		<database>Unknown</database>
	</source>
	<size>
		<width>600</width>
		<height>600</height>
		<depth>3</depth>
	</size>
	<segmented>0</segmented>
	<object>
		<name>Fake</name>
		<pose>Unspecified</pose>
		<truncated>0</truncated>
		<difficult>0</difficult>
		<bndbox>
			<xmin>95</xmin>
			<ymin>109</ymin>
			<xmax>474</xmax>
			<ymax>561</ymax>
		</bndbox>
	</object>
	<object>
		<name>Fake</name>
		<pose>Unspecified</pose>
		<truncated>0</truncated>
		<difficult>0</difficult>
		<bndbox>
			<xmin>173</xmin>
			<ymin>315</ymin>
			<xmax>429</xmax>
			<ymax>537</ymax>
		</bndbox>
	</object>
</annotation>
