<annotation>
	<folder>images</folder>
	<filename>Fake (105).jpg</filename>
	<path>C:\Users\Lois Valenzuela\Desktop\Loisy\images\Fake (105).jpg</path>
	<source>
		<database>Unknown</database>
	</source>
	<size>
		<width>600</width>
		<height>600</height>
		<depth>3</depth>
	</size>
	<segmented>0</segmented>
	<object>
		<name>Fake</name>
		<pose>Unspecified</pose>
		<truncated>0</truncated>
		<difficult>0</difficult>
		<bndbox>
			<xmin>91</xmin>
			<ymin>243</ymin>
			<xmax>490</xmax>
			<ymax>570</ymax>
		</bndbox>
	</object>
	<object>
		<name>Fake</name>
		<pose>Unspecified</pose>
		<truncated>1</truncated>
		<difficult>0</difficult>
		<bndbox>
			<xmin>39</xmin>
			<ymin>92</ymin>
			<xmax>502</xmax>
			<ymax>600</ymax>
		</bndbox>
	</object>
</annotation>
