<annotation>
	<folder>images</folder>
	<filename>Fake (183).jpg</filename>
	<path>C:\Users\Lois Valenzuela\Desktop\Loisy\images\Fake (183).jpg</path>
	<source>
		<database>Unknown</database>
	</source>
	<size>
		<width>600</width>
		<height>600</height>
		<depth>3</depth>
	</size>
	<segmented>0</segmented>
	<object>
		<name>Fake</name>
		<pose>Unspecified</pose>
		<truncated>0</truncated>
		<difficult>0</difficult>
		<bndbox>
			<xmin>111</xmin>
			<ymin>102</ymin>
			<xmax>539</xmax>
			<ymax>578</ymax>
		</bndbox>
	</object>
	<object>
		<name>Fake</name>
		<pose>Unspecified</pose>
		<truncated>0</truncated>
		<difficult>0</difficult>
		<bndbox>
			<xmin>164</xmin>
			<ymin>207</ymin>
			<xmax>323</xmax>
			<ymax>530</ymax>
		</bndbox>
	</object>
</annotation>
