<annotation>
	<folder>images</folder>
	<filename>Fake (79).jpg</filename>
	<path>C:\Users\Russel\Desktop\Loisy\images\Fake (79).jpg</path>
	<source>
		<database>Unknown</database>
	</source>
	<size>
		<width>600</width>
		<height>600</height>
		<depth>3</depth>
	</size>
	<segmented>0</segmented>
	<object>
		<name>Fake</name>
		<pose>Unspecified</pose>
		<truncated>0</truncated>
		<difficult>0</difficult>
		<bndbox>
			<xmin>146</xmin>
			<ymin>153</ymin>
			<xmax>465</xmax>
			<ymax>565</ymax>
		</bndbox>
	</object>
	<object>
		<name>Fake</name>
		<pose>Unspecified</pose>
		<truncated>0</truncated>
		<difficult>0</difficult>
		<bndbox>
			<xmin>282</xmin>
			<ymin>227</ymin>
			<xmax>439</xmax>
			<ymax>517</ymax>
		</bndbox>
	</object>
</annotation>
