<annotation>
	<folder>images</folder>
	<filename>Fake (103).jpg</filename>
	<path>C:\Users\Lois Valenzuela\Desktop\Loisy\images\Fake (103).jpg</path>
	<source>
		<database>Unknown</database>
	</source>
	<size>
		<width>600</width>
		<height>600</height>
		<depth>3</depth>
	</size>
	<segmented>0</segmented>
	<object>
		<name>Fake</name>
		<pose>Unspecified</pose>
		<truncated>0</truncated>
		<difficult>0</difficult>
		<bndbox>
			<xmin>42</xmin>
			<ymin>155</ymin>
			<xmax>446</xmax>
			<ymax>561</ymax>
		</bndbox>
	</object>
	<object>
		<name>Fake</name>
		<pose>Unspecified</pose>
		<truncated>0</truncated>
		<difficult>0</difficult>
		<bndbox>
			<xmin>18</xmin>
			<ymin>60</ymin>
			<xmax>506</xmax>
			<ymax>547</ymax>
		</bndbox>
	</object>
</annotation>
