<annotation>
	<folder>images</folder>
	<filename>Fake (99).jpg</filename>
	<path>C:\Users\Russel\Desktop\Loisy\images\Fake (99).jpg</path>
	<source>
		<database>Unknown</database>
	</source>
	<size>
		<width>600</width>
		<height>600</height>
		<depth>3</depth>
	</size>
	<segmented>0</segmented>
	<object>
		<name>Fake</name>
		<pose>Unspecified</pose>
		<truncated>0</truncated>
		<difficult>0</difficult>
		<bndbox>
			<xmin>105</xmin>
			<ymin>111</ymin>
			<xmax>489</xmax>
			<ymax>548</ymax>
		</bndbox>
	</object>
	<object>
		<name>Fake</name>
		<pose>Unspecified</pose>
		<truncated>0</truncated>
		<difficult>0</difficult>
		<bndbox>
			<xmin>182</xmin>
			<ymin>244</ymin>
			<xmax>391</xmax>
			<ymax>484</ymax>
		</bndbox>
	</object>
</annotation>
