<annotation>
	<folder>images</folder>
	<filename>Fake (109).jpg</filename>
	<path>C:\Users\Lois Valenzuela\Desktop\Loisy\images\Fake (109).jpg</path>
	<source>
		<database>Unknown</database>
	</source>
	<size>
		<width>600</width>
		<height>600</height>
		<depth>3</depth>
	</size>
	<segmented>0</segmented>
	<object>
		<name>Fake</name>
		<pose>Unspecified</pose>
		<truncated>0</truncated>
		<difficult>0</difficult>
		<bndbox>
			<xmin>145</xmin>
			<ymin>176</ymin>
			<xmax>522</xmax>
			<ymax>576</ymax>
		</bndbox>
	</object>
	<object>
		<name>Fake</name>
		<pose>Unspecified</pose>
		<truncated>1</truncated>
		<difficult>0</difficult>
		<bndbox>
			<xmin>72</xmin>
			<ymin>29</ymin>
			<xmax>554</xmax>
			<ymax>600</ymax>
		</bndbox>
	</object>
	<object>
		<name>Fake</name>
		<pose>Unspecified</pose>
		<truncated>0</truncated>
		<difficult>0</difficult>
		<bndbox>
			<xmin>197</xmin>
			<ymin>406</ymin>
			<xmax>455</xmax>
			<ymax>546</ymax>
		</bndbox>
	</object>
</annotation>
