<annotation>
	<folder>images</folder>
	<filename>Fake (77).jpg</filename>
	<path>C:\Users\Russel\Desktop\Loisy\images\Fake (77).jpg</path>
	<source>
		<database>Unknown</database>
	</source>
	<size>
		<width>600</width>
		<height>600</height>
		<depth>3</depth>
	</size>
	<segmented>0</segmented>
	<object>
		<name>Fake</name>
		<pose>Unspecified</pose>
		<truncated>0</truncated>
		<difficult>0</difficult>
		<bndbox>
			<xmin>170</xmin>
			<ymin>148</ymin>
			<xmax>471</xmax>
			<ymax>576</ymax>
		</bndbox>
	</object>
	<object>
		<name>Fake</name>
		<pose>Unspecified</pose>
		<truncated>0</truncated>
		<difficult>0</difficult>
		<bndbox>
			<xmin>270</xmin>
			<ymin>353</ymin>
			<xmax>457</xmax>
			<ymax>548</ymax>
		</bndbox>
	</object>
</annotation>
