<annotation>
	<folder>images</folder>
	<filename>Real (80).jpg</filename>
	<path>C:\Users\Russel\Desktop\Real\images\Real (80).jpg</path>
	<source>
		<database>Unknown</database>
	</source>
	<size>
		<width>600</width>
		<height>600</height>
		<depth>3</depth>
	</size>
	<segmented>0</segmented>
	<object>
		<name>Real</name>
		<pose>Unspecified</pose>
		<truncated>0</truncated>
		<difficult>0</difficult>
		<bndbox>
			<xmin>126</xmin>
			<ymin>206</ymin>
			<xmax>464</xmax>
			<ymax>559</ymax>
		</bndbox>
	</object>
</annotation>
