<annotation verified="yes">
	<folder>images</folder>
	<filename>Real (89).jpg</filename>
	<path>C:\Users\Russel\Desktop\Real\images\Real (89).jpg</path>
	<source>
		<database>Unknown</database>
	</source>
	<size>
		<width>600</width>
		<height>600</height>
		<depth>3</depth>
	</size>
	<segmented>0</segmented>
	<object>
		<name>Fake</name>
		<pose>Unspecified</pose>
		<truncated>0</truncated>
		<difficult>0</difficult>
		<bndbox>
			<xmin>71</xmin>
			<ymin>26</ymin>
			<xmax>523</xmax>
			<ymax>565</ymax>
		</bndbox>
	</object>
</annotation>
